{"cameraMode":{"drawMode":0,"name":"Shaded","section":"Shading Mode"},"sceneLighting":false,"audioPlay":false,"sceneViewState":{"m_AlwaysRefresh":false,"showFog":true,"showSkybox":false,"showFlares":true,"showImageEffects":true,"showParticleSystems":true,"showVisualEffectGraphs":true,"m_FxEnabled":true},"in2DMode":false,"pivot":{"x":0.0016994476318359376,"y":1.427490234375,"z":-0.38652747869491579},"rotation":{"x":0.2681928277015686,"y":-0.10571907460689545,"z":0.03004249930381775,"w":0.9569066762924194},"size":2.8300933837890627,"orthographic":false}