{"cameraMode":{"drawMode":0,"name":"Shaded","section":"Shading Mode"},"sceneLighting":false,"audioPlay":false,"sceneViewState":{"m_AlwaysRefresh":false,"showFog":true,"showSkybox":false,"showFlares":true,"showImageEffects":true,"showParticleSystems":true,"showVisualEffectGraphs":true,"m_FxEnabled":true},"in2DMode":false,"pivot":{"x":170.61341857910157,"y":156.93423461914063,"z":157.58094787597657},"rotation":{"x":-0.037278950214385989,"y":0.8656418919563294,"z":-0.06431563943624497,"w":-0.49538108706474306},"size":6.066600799560547,"orthographic":false}