{"cameraMode":{"drawMode":0,"name":"Shaded","section":"Shading Mode"},"sceneLighting":false,"audioPlay":false,"sceneViewState":{"m_AlwaysRefresh":false,"showFog":true,"showSkybox":false,"showFlares":true,"showImageEffects":true,"showParticleSystems":true,"showVisualEffectGraphs":true,"m_FxEnabled":true},"in2DMode":false,"pivot":{"x":-0.006704926490783691,"y":1.245500087738037,"z":-0.056599974632263187},"rotation":{"x":0.27966418862342837,"y":0.6590126156806946,"z":-0.2894492745399475,"w":0.635096549987793},"size":1.5473116636276246,"orthographic":false}