{"cameraMode":{"drawMode":0,"name":"Shaded","section":"Shading Mode"},"sceneLighting":false,"audioPlay":false,"sceneViewState":{"m_AlwaysRefresh":false,"showFog":true,"showSkybox":false,"showFlares":true,"showImageEffects":true,"showParticleSystems":true,"showVisualEffectGraphs":true,"m_FxEnabled":true},"in2DMode":false,"pivot":{"x":-0.42905333638191225,"y":0.5097841620445252,"z":-0.23394708335399629},"rotation":{"x":-0.02868157997727394,"y":-0.970845639705658,"z":0.1799733191728592,"w":-0.15452417731285096},"size":2.8589835166931154,"orthographic":false}