{"cameraMode":{"drawMode":0,"name":"Shaded","section":"Shading Mode"},"sceneLighting":false,"audioPlay":false,"sceneViewState":{"m_AlwaysRefresh":false,"showFog":true,"showSkybox":false,"showFlares":true,"showImageEffects":true,"showParticleSystems":true,"showVisualEffectGraphs":true,"m_FxEnabled":true},"in2DMode":false,"pivot":{"x":102.50739288330078,"y":150.6747589111328,"z":119.11688995361328},"rotation":{"x":-0.026255574077367784,"y":-0.9456512331962586,"z":0.07905777543783188,"w":-0.3144523501396179},"size":2.081648349761963,"orthographic":true}