{"cameraMode":{"drawMode":0,"name":"Shaded","section":"Shading Mode"},"sceneLighting":false,"audioPlay":false,"sceneViewState":{"m_AlwaysRefresh":false,"showFog":true,"showSkybox":false,"showFlares":true,"showImageEffects":true,"showParticleSystems":true,"showVisualEffectGraphs":true,"m_FxEnabled":true},"in2DMode":false,"pivot":{"x":106.01844787597656,"y":150.10202026367188,"z":142.86587524414063},"rotation":{"x":0.5452173352241516,"y":-0.4547155201435089,"z":0.5030798316001892,"w":0.49287816882133486},"size":8.029068946838379,"orthographic":true}